username,age,country,description
user1,27,DE,none
user2,36,BE,none
user3,37,BE,none
user4,30,BE,none
user5,37,BE,none
user6,31,BE,none
user7,40,NL,none
user8,31,NL,none
user9,32,NL,none
user10,24,DE,none
user11,35,NL,none
user12,40,DE,none
user13,34,BE,none
user14,31,NL,none
user15,39,BE,none
user16,31,NL,none
user17,35,DE,none
user18,32,DE,none
user19,35,DE,none
user20,34,BE,none
user21,39,BE,none
user22,32,BE,none
user23,28,NL,none
user24,39,BE,none
user25,41,BE,none
user26,55,NL,none
user27,45,NL,none
user28,26,BE,none
user29,43,BE,none
user30,28,NL,none
user31,42,NL,none
user32,32,DE,none
user33,29,NL,none
user34,28,BE,none
user35,31,NL,none
user36,38,BE,none
user37,35,BE,none
user38,30,NL,none
user39,28,DE,none
user40,46,DE,none
user41,38,BE,none
user42,50,BE,none
user43,34,NL,none
user44,31,BE,none
user45,32,DE,none
user46,28,BE,none
user47,34,BE,none
user48,36,NL,none
user49,41,DE,none
user50,47,BE,none
user51,34,NL,none
user52,36,BE,none
user53,35,NL,none
user54,36,BE,none
user55,30,DE,none
user56,30,NL,none
user57,52,DE,none
user58,35,BE,none
user59,36,DE,none
user60,30,BE,none
user61,33,NL,none
user62,40,NL,none
user63,39,DE,none
user64,38,BE,none
user65,32,DE,none
user66,35,DE,none
user67,31,NL,none
user68,36,DE,none
user69,45,BE,none
user70,40,DE,none
user71,32,NL,none
user72,49,NL,none
user73,42,DE,none
user74,40,NL,none
user75,38,NL,none
user76,37,BE,none
user77,35,NL,none
user78,39,BE,none
user79,38,NL,none
user80,33,NL,none
user81,47,BE,none
user82,31,DE,none
user83,35,DE,none
user84,37,DE,none
user85,34,DE,none
user86,33,BE,none
user87,31,DE,none
user88,34,DE,none
user89,32,DE,none
user90,39,DE,none
user91,27,NL,none
user92,30,DE,none
user93,34,BE,none
user94,33,DE,none
user95,30,NL,none
user96,34,BE,none
user97,36,NL,none
user98,39,NL,none
user99,36,DE,none
user100,31,DE,none
user101,31,NL,none
user102,35,BE,none
user103,23,NL,none
user104,28,NL,none
user105,22,NL,none
user106,32,DE,none
user107,39,DE,none
user108,35,NL,none
user109,35,BE,none
user110,32,BE,none
user111,43,DE,none
user112,38,BE,none
user113,34,BE,none
user114,38,DE,none
user115,37,NL,none
user116,44,DE,none
user117,36,DE,none
user118,37,NL,none
user119,37,NL,none
user120,32,DE,none
user121,34,DE,none
user122,34,BE,none
user123,49,DE,none
user124,39,NL,none
user125,37,NL,none
user126,33,DE,none
user127,29,BE,none
user128,32,DE,none
user129,41,NL,none
user130,28,NL,none
user131,33,DE,none
user132,37,NL,none
user133,38,DE,none
user134,44,NL,none
user135,34,DE,none
user136,33,BE,none
user137,43,BE,none
user138,45,DE,none
user139,35,DE,none
user140,33,NL,none
user141,24,NL,none
user142,24,DE,none
user143,28,BE,none
user144,44,BE,none
user145,38,NL,none
user146,39,BE,none
user147,35,NL,none
user148,32,NL,none
user149,37,NL,none
user150,40,DE,none
user151,46,NL,none
user152,41,DE,none
user153,31,BE,none
user154,27,BE,none
user155,48,DE,none
user156,37,DE,none
user157,43,NL,none
user158,35,DE,none
user159,32,NL,none
user160,39,NL,none
user161,36,BE,none
user162,39,BE,none
user163,36,BE,none
user164,39,DE,none
user165,45,BE,none
user166,41,BE,none
user167,35,NL,none
user168,28,DE,none
user169,42,DE,none
user170,27,NL,none
user171,25,BE,none
user172,31,DE,none
user173,34,NL,none
user174,31,BE,none
user175,43,DE,none
user176,36,DE,none
user177,42,BE,none
user178,35,NL,none
user179,35,DE,none
user180,36,BE,none
user181,24,DE,none
user182,52,BE,none
user183,39,BE,none
user184,30,BE,none
user185,25,DE,none
user186,33,DE,none
user187,29,DE,none
user188,33,NL,none
user189,36,DE,none
user190,31,NL,none
user191,33,DE,none
user192,35,DE,none
user193,38,DE,none
user194,35,BE,none
user195,37,NL,none
user196,28,DE,none
user197,38,NL,none
user198,29,BE,none
user199,43,DE,none
user200,37,NL,none
user201,36,NL,none
user202,36,NL,none
user203,37,BE,none
user204,41,BE,none
user205,37,DE,none
user206,38,BE,none
user207,28,BE,none
user208,44,BE,none
user209,36,NL,none
user210,39,BE,none
user211,27,BE,none
user212,40,DE,none
user213,32,BE,none
user214,40,NL,none
user215,24,BE,none
user216,31,DE,none
user217,39,NL,none
user218,50,BE,none
user219,37,BE,none
user220,35,DE,none
user221,36,DE,none
user222,30,NL,none
user223,40,NL,none
user224,47,BE,none
user225,31,DE,none
user226,29,DE,none
user227,34,BE,none
user228,36,DE,none
user229,29,DE,none
user230,41,BE,none
user231,41,NL,none
user232,36,NL,none
user233,25,NL,none
user234,29,NL,none
user235,33,BE,none
user236,33,DE,none
user237,40,DE,none
user238,48,NL,none
user239,28,NL,none
user240,37,NL,none
user241,38,NL,none
user242,28,BE,none
user243,29,DE,none
user244,33,NL,none
user245,30,BE,none
user246,31,BE,none
user247,26,DE,none
user248,32,NL,none
user249,34,BE,none
user250,25,BE,none
user251,32,DE,none
user252,44,DE,none
user253,36,BE,none
user254,36,DE,none
user255,35,NL,none
user256,40,NL,none
user257,40,DE,none
user258,32,NL,none
user259,35,BE,none
user260,32,BE,none
user261,42,BE,none
user262,40,BE,none
user263,37,DE,none
user264,34,NL,none
user265,35,DE,none
user266,24,DE,none
user267,36,DE,none
user268,40,BE,none
user269,31,BE,none
user270,31,NL,none
user271,28,DE,none
user272,30,NL,none
user273,33,DE,none
user274,30,BE,none
user275,27,DE,none
user276,40,BE,none
user277,41,DE,none
user278,35,DE,none
user279,41,BE,none
user280,45,NL,none
user281,38,DE,none
user282,36,NL,none
user283,34,DE,none
user284,27,BE,none
user285,25,NL,none
user286,46,DE,none
user287,27,BE,none
user288,34,BE,none
user289,46,DE,none
user290,40,DE,none
user291,46,BE,none
user292,34,BE,none
user293,34,NL,none
user294,31,BE,none
user295,21,NL,none
user296,36,NL,none
user297,34,DE,none
user298,48,DE,none
user299,31,NL,none
user300,50,DE,none
user301,38,DE,none
user302,40,NL,none
user303,42,BE,none
user304,43,BE,none
user305,36,DE,none
user306,37,NL,none
user307,36,BE,none
user308,36,BE,none
user309,36,DE,none
user310,31,NL,none
user311,40,BE,none
user312,36,DE,none
user313,26,DE,none
user314,32,DE,none
user315,47,BE,none
user316,42,BE,none
user317,37,BE,none
user318,38,NL,none
user319,35,DE,none
user320,29,BE,none
user321,41,DE,none
user322,31,NL,none
user323,29,NL,none
user324,33,DE,none
user325,29,DE,none
user326,28,NL,none
user327,40,DE,none
user328,34,DE,none
user329,33,BE,none
user330,33,DE,none
user331,39,NL,none
user332,33,NL,none
user333,34,DE,none
user334,40,BE,none
user335,44,DE,none
user336,37,BE,none
user337,30,BE,none
user338,27,NL,none
user339,29,NL,none
user340,35,DE,none
user341,38,DE,none
user342,35,DE,none
user343,44,BE,none
user344,35,NL,none
user345,27,NL,none
user346,45,BE,none
user347,33,NL,none
user348,33,DE,none
user349,43,BE,none
user350,47,BE,none
user351,35,BE,none
user352,42,BE,none
user353,31,NL,none
user354,27,DE,none
user355,36,NL,none
user356,31,NL,none
user357,36,DE,none
user358,29,BE,none
user359,22,DE,none
user360,36,NL,none
user361,32,DE,none
user362,37,BE,none
user363,41,DE,none
user364,33,NL,none
user365,34,DE,none
user366,23,BE,none
user367,39,DE,none
user368,31,BE,none
user369,30,BE,none
user370,34,DE,none
user371,45,DE,none
user372,35,DE,none
user373,30,BE,none
user374,31,BE,none
user375,27,BE,none
user376,48,BE,none
user377,36,NL,none
user378,35,BE,none
user379,35,NL,none
user380,36,NL,none
user381,36,NL,none
user382,39,DE,none
user383,35,DE,none
user384,28,NL,none
user385,38,DE,none
user386,32,BE,none
user387,25,DE,none
user388,28,BE,none
user389,34,BE,none
user390,39,NL,none
user391,26,BE,none
user392,36,DE,none
user393,53,DE,none
user394,47,BE,none
user395,30,BE,none
user396,39,NL,none
user397,26,NL,none
user398,31,NL,none
user399,28,NL,none
user400,37,DE,none
user401,42,BE,none
user402,45,DE,none
user403,40,BE,none
user404,27,NL,none
user405,33,NL,none
user406,27,BE,none
user407,33,BE,none
user408,25,DE,none
user409,32,NL,none
user410,34,BE,none
user411,28,BE,none
user412,47,NL,none
user413,33,DE,none
user414,38,BE,none
user415,33,NL,none
user416,39,NL,none
user417,43,BE,none
user418,31,NL,none
user419,42,DE,none
user420,43,BE,none
user421,34,NL,none
user422,42,BE,none
user423,35,NL,none
user424,30,BE,none
user425,41,NL,none
user426,31,NL,none
user427,34,BE,none
user428,36,NL,none
user429,36,BE,none
user430,39,DE,none
user431,33,NL,none
user432,44,BE,none
user433,37,DE,none
user434,27,DE,none
user435,30,NL,none
user436,32,BE,none
user437,33,NL,none
user438,50,DE,none
user439,32,DE,none
user440,34,DE,none
user441,31,DE,none
user442,27,BE,none
user443,36,BE,none
user444,38,DE,none
user445,38,NL,none
user446,26,DE,none
user447,23,DE,none
user448,30,DE,none
user449,34,BE,none
user450,32,NL,none
user451,18,NL,none
user452,32,NL,none
user453,30,NL,none
user454,40,BE,none
user455,34,DE,none
user456,27,BE,none
user457,43,DE,none
user458,29,BE,none
user459,30,BE,none
user460,29,DE,none
user461,36,NL,none
user462,41,BE,none
user463,34,DE,none
user464,31,NL,none
user465,30,NL,none
user466,26,NL,none
user467,32,BE,none
user468,28,DE,none
user469,37,NL,none
user470,37,BE,none
user471,34,DE,none
user472,38,DE,none
user473,31,DE,none
user474,30,DE,none
user475,33,NL,none
user476,32,NL,none
user477,32,DE,none
user478,37,DE,none
user479,40,DE,none
user480,35,BE,none
user481,32,NL,none
user482,36,NL,none
user483,31,BE,none
user484,29,DE,none
user485,32,DE,none
user486,24,NL,none
user487,41,BE,none
user488,38,DE,none
user489,29,NL,none
user490,43,DE,none
user491,28,NL,none
user492,29,NL,none
user493,35,NL,none
user494,37,NL,none
user495,35,DE,none
user496,26,DE,none
user497,29,DE,none
user498,36,DE,none
user499,30,BE,none
user500,28,BE,none
user501,37,BE,none
user502,29,BE,none
user503,32,BE,none
user504,45,DE,none
user505,29,DE,none
user506,33,NL,none
user507,34,DE,none
user508,42,NL,none
user509,34,NL,none
user510,41,DE,none
user511,34,DE,none
user512,37,DE,none
user513,36,DE,none
user514,36,NL,none
user515,36,BE,none
user516,37,NL,none
user517,38,NL,none
user518,40,BE,none
user519,40,BE,none
user520,34,BE,none
user521,28,DE,none
user522,42,DE,none
user523,43,BE,none
user524,38,NL,none
user525,37,BE,none
user526,40,DE,none
user527,27,NL,none
user528,37,DE,none
user529,33,BE,none
user530,36,BE,none
user531,40,NL,none
user532,33,NL,none
user533,34,BE,none
user534,38,BE,none
user535,27,DE,none
user536,38,NL,none
user537,34,BE,none
user538,48,BE,none
user539,29,NL,none
user540,32,NL,none
user541,36,BE,none
user542,32,NL,none
user543,38,BE,none
user544,36,DE,none
user545,34,BE,none
user546,37,BE,none
user547,27,NL,none
user548,30,NL,none
user549,37,BE,none
user550,45,BE,none
user551,42,BE,none
user552,49,NL,none
user553,36,NL,none
user554,36,DE,none
user555,41,NL,none
user556,43,NL,none
user557,24,DE,none
user558,35,DE,none
user559,30,DE,none
user560,29,NL,none
user561,39,DE,none
user562,40,NL,none
user563,37,BE,none
user564,43,NL,none
user565,33,BE,none
user566,27,DE,none
user567,24,BE,none
user568,36,DE,none
user569,29,BE,none
user570,24,BE,none
user571,45,NL,none
user572,43,DE,none
user573,32,NL,none
user574,33,BE,none
user575,35,NL,none
user576,40,NL,none
user577,29,BE,none
user578,34,BE,none
user579,44,NL,none
user580,23,NL,none
user581,44,NL,none
user582,31,BE,none
user583,35,NL,none
user584,31,BE,none
user585,37,NL,none
user586,34,BE,none
user587,27,NL,none
user588,42,NL,none
user589,41,DE,none
user590,42,BE,none
user591,32,NL,none
user592,30,DE,none
user593,43,NL,none
user594,33,DE,none
user595,35,NL,none
user596,37,NL,none
user597,39,DE,none
user598,33,BE,none
user599,48,DE,none
user600,29,BE,none
user601,40,NL,none
user602,28,BE,none
user603,35,NL,none
user604,35,DE,none
user605,40,BE,none
user606,34,BE,none
user607,35,DE,none
user608,42,BE,none
user609,35,NL,none
user610,30,DE,none
user611,37,BE,none
user612,38,NL,none
user613,31,NL,none
user614,28,NL,none
user615,31,DE,none
user616,30,BE,none
user617,33,DE,none
user618,24,NL,none
user619,34,DE,none
user620,33,BE,none
user621,37,NL,none
user622,41,BE,none
user623,51,BE,none
user624,28,NL,none
user625,30,DE,none
user626,37,DE,none
user627,33,NL,none
user628,27,DE,none
user629,36,NL,none
user630,24,NL,none
user631,44,DE,none
user632,32,BE,none
user633,50,BE,none
user634,38,BE,none
user635,44,DE,none
user636,41,DE,none
user637,35,DE,none
user638,32,NL,none
user639,41,NL,none
user640,31,BE,none
user641,38,BE,none
user642,44,DE,none
user643,33,NL,none
user644,37,BE,none
user645,39,BE,none
user646,28,DE,none
user647,30,DE,none
user648,32,NL,none
user649,38,NL,none
user650,42,BE,none
user651,34,DE,none
user652,28,DE,none
user653,33,NL,none
user654,35,DE,none
user655,34,NL,none
user656,31,NL,none
user657,41,NL,none
user658,28,DE,none
user659,29,BE,none
user660,44,NL,none
user661,29,DE,none
user662,34,DE,none
user663,31,BE,none
user664,45,BE,none
user665,44,BE,none
user666,30,NL,none
user667,31,DE,none
user668,28,DE,none
user669,41,BE,none
user670,48,NL,none
user671,36,DE,none
user672,31,BE,none
user673,28,NL,none
user674,35,NL,none
user675,32,NL,none
user676,31,NL,none
user677,26,DE,none
user678,38,NL,none
user679,37,BE,none
user680,31,BE,none
user681,34,BE,none
user682,37,NL,none
user683,26,BE,none
user684,37,DE,none
user685,28,BE,none
user686,35,DE,none
user687,33,DE,none
user688,28,DE,none
user689,27,BE,none
user690,37,DE,none
user691,32,NL,none
user692,37,DE,none
user693,35,DE,none
user694,36,NL,none
user695,43,BE,none
user696,34,NL,none
user697,37,BE,none
user698,39,DE,none
user699,32,NL,none
user700,33,BE,none
user701,36,DE,none
user702,26,NL,none
user703,37,NL,none
user704,39,NL,none
user705,38,DE,none
user706,30,NL,none
user707,32,BE,none
user708,33,NL,none
user709,35,NL,none
user710,38,BE,none
user711,37,BE,none
user712,30,NL,none
user713,39,BE,none
user714,41,DE,none
user715,38,NL,none
user716,29,BE,none
user717,34,BE,none
user718,34,DE,none
user719,26,BE,none
user720,40,DE,none
user721,35,BE,none
user722,34,NL,none
user723,43,DE,none
user724,39,BE,none
user725,48,NL,none
user726,35,BE,none
user727,27,DE,none
user728,32,DE,none
user729,37,BE,none
user730,31,DE,none
user731,32,NL,none
user732,31,DE,none
user733,46,BE,none
user734,24,BE,none
user735,32,NL,none
user736,31,BE,none
user737,31,BE,none
user738,36,BE,none
user739,31,DE,none
user740,35,DE,none
user741,28,BE,none
user742,27,NL,none
user743,48,NL,none
user744,43,NL,none
user745,43,BE,none
user746,39,BE,none
user747,32,NL,none
user748,37,BE,none
user749,27,NL,none
user750,38,NL,none
user751,35,BE,none
user752,37,BE,none
user753,39,NL,none
user754,29,BE,none
user755,28,DE,none
user756,29,NL,none
user757,36,DE,none
user758,43,BE,none
user759,40,NL,none
user760,35,BE,none
user761,39,DE,none
user762,34,DE,none
user763,41,NL,none
user764,42,BE,none
user765,27,BE,none
user766,33,BE,none
user767,37,NL,none
user768,34,DE,none
user769,44,BE,none
user770,23,NL,none
user771,27,DE,none
user772,40,BE,none
user773,34,BE,none
user774,18,NL,none
user775,37,NL,none
user776,38,BE,none
user777,25,NL,none
user778,35,DE,none
user779,49,BE,none
user780,36,NL,none
user781,29,BE,none
user782,33,BE,none
user783,41,BE,none
user784,39,NL,none
user785,36,DE,none
user786,35,NL,none
user787,37,DE,none
user788,40,BE,none
user789,42,DE,none
user790,31,BE,none
user791,38,DE,none
user792,36,BE,none
user793,35,NL,none
user794,40,DE,none
user795,34,NL,none
user796,36,BE,none
user797,29,BE,none
user798,35,BE,none
user799,36,NL,none
user800,48,BE,none
user801,37,NL,none
user802,39,DE,none
user803,32,NL,none
user804,29,NL,none
user805,25,DE,none
user806,23,NL,none
user807,23,NL,none
user808,29,BE,none
user809,31,NL,none
user810,31,BE,none
user811,44,NL,none
user812,27,BE,none
user813,31,NL,none
user814,35,DE,none
user815,32,NL,none
user816,34,BE,none
user817,32,BE,none
user818,35,DE,none
user819,30,DE,none
user820,47,NL,none
user821,32,BE,none
user822,32,NL,none
user823,34,BE,none
user824,41,DE,none
user825,36,BE,none
user826,36,NL,none
user827,35,NL,none
user828,30,DE,none
user829,30,DE,none
user830,46,NL,none
user831,30,BE,none
user832,31,NL,none
user833,27,DE,none
user834,34,BE,none
user835,42,NL,none
user836,34,NL,none
user837,24,BE,none
user838,33,BE,none
user839,43,DE,none
user840,40,BE,none
user841,36,BE,none
user842,37,NL,none
user843,35,BE,none
user844,35,DE,none
user845,23,NL,none
user846,35,NL,none
user847,30,BE,none
user848,34,DE,none
user849,39,NL,none
user850,35,NL,none
user851,38,BE,none
user852,32,NL,none
user853,32,DE,none
user854,38,DE,none
user855,36,BE,none
user856,36,DE,none
user857,38,BE,none
user858,33,BE,none
user859,29,NL,none
user860,41,BE,none
user861,36,DE,none
user862,35,DE,none
user863,29,DE,none
user864,33,NL,none
user865,31,NL,none
user866,39,NL,none
user867,36,BE,none
user868,31,BE,none
user869,35,NL,none
user870,37,BE,none
user871,58,BE,none
user872,36,BE,none
user873,44,DE,none
user874,34,DE,none
user875,37,BE,none
user876,34,DE,none
user877,47,DE,none
user878,42,DE,none
user879,33,DE,none
user880,34,DE,none
user881,34,BE,none
user882,35,DE,none
user883,31,BE,none
user884,39,BE,none
user885,26,DE,none
user886,39,NL,none
user887,38,BE,none
user888,31,DE,none
user889,30,BE,none
user890,33,DE,none
user891,29,BE,none
user892,33,DE,none
user893,44,DE,none
user894,40,DE,none
user895,36,DE,none
user896,38,NL,none
user897,46,NL,none
user898,35,BE,none
user899,35,BE,none
user900,43,DE,none
user901,37,DE,none
user902,21,DE,none
user903,29,BE,none
user904,34,NL,none
user905,33,DE,none
user906,38,NL,none
user907,29,NL,none
user908,37,NL,none
user909,37,DE,none
user910,43,DE,none
user911,36,DE,none
user912,38,NL,none
user913,41,NL,none
user914,32,DE,none
user915,39,NL,none
user916,37,BE,none
user917,45,DE,none
user918,35,BE,none
user919,52,NL,none
user920,36,BE,none
user921,33,DE,none
user922,35,BE,none
user923,52,DE,none
user924,30,DE,none
user925,29,BE,none
user926,34,BE,none
user927,29,NL,none
user928,37,BE,none
user929,34,NL,none
user930,39,BE,none
user931,45,NL,none
user932,41,BE,none
user933,30,NL,none
user934,36,DE,none
user935,37,DE,none
user936,35,BE,none
user937,30,NL,none
user938,32,NL,none
user939,34,NL,none
user940,47,BE,none
user941,44,DE,none
user942,27,DE,none
user943,35,NL,none
user944,34,BE,none
user945,33,NL,none
user946,40,DE,none
user947,28,NL,none
user948,34,NL,none
user949,29,BE,none
user950,37,DE,none
user951,28,DE,none
user952,38,DE,none
user953,46,BE,none
user954,27,BE,none
user955,42,BE,none
user956,20,NL,none
user957,30,DE,none
user958,30,DE,none
user959,31,NL,none
user960,35,NL,none
user961,29,BE,none
user962,37,BE,none
user963,29,NL,none
user964,34,NL,none
user965,30,NL,none
user966,42,NL,none
user967,37,DE,none
user968,26,DE,none
user969,49,BE,none
user970,40,NL,none
user971,25,NL,none
user972,43,DE,none
user973,39,BE,none
user974,31,DE,none
user975,35,BE,none
user976,38,DE,none
user977,28,NL,none
user978,35,NL,none
user979,42,BE,none
user980,35,BE,none
user981,44,BE,none
user982,29,BE,none
user983,43,DE,none
user984,38,BE,none
user985,42,DE,none
user986,41,NL,none
user987,31,NL,none
user988,29,NL,none
user989,35,DE,none
user990,29,BE,none
user991,40,BE,none
user992,34,DE,none
user993,31,BE,none
user994,40,BE,none
user995,40,BE,none
user996,47,BE,none
user997,42,DE,none
user998,37,DE,none
user999,47,DE,none
user1000,37,NL,none
